State,City,Dealer
Andhra Pradesh,Anantapur,Harsha Toyota
Andhra Pradesh,Guntur,Radha Madhav Toyota
Andhra Pradesh,Kadapa,Harsha Toyota
Andhra Pradesh,Kakinada,Leela Krishna Toyota
Andhra Pradesh,Kurnool,Harsha Toyota
Andhra Pradesh,Nellore,Harsha Toyota
Andhra Pradesh,Ongole,Radha Madhav Toyota
Andhra Pradesh,Rajamundry,Leela Krishna Toyota
Andhra Pradesh,Tirupati,Harsha Toyota
Andhra Pradesh,Vijayawada,Radha Madhav Toyota
Andhra Pradesh,Visakhapatnam,Leela Krishna Toyota
Assam,Dibrugarh,Borah Toyota
Bihar,Gaya,Budha Toyota
Bihar,Muzaffarpur,Rudra Toyota
Bihar,Patna,Budha Toyota
Chandigarh,Chandigarh,Pioneer Toyota
Chhattisgarh,Bhilai,J D Toyota
Chhattisgarh,Bilaspur,J D Toyota
Chhattisgarh,Raipur,Kaizen Toyota
Delhi,Delhi,Uttam Toyota
Delhi,Delhi,Galaxy Toyota
Delhi,Delhi,Espirit Toyota
Goa,Bardez,Sharayu Toyota
Goa,Cortalim,Sharayu Toyota
Gujarat,Anand,Narmada Toyota
Gujarat,Bhavnagar,Jai Ganesh Toyota
Gujarat,Junagadh,Jai Ganesh Toyota
Gujarat,Navsari,Rathod Toyota
Gujarat,Vadodara,Narmada Toyota
Gujarat,Vapi,Rathod Toyota
Haryana,Ambala,Globe Toyota
Haryana,Faridabad,Thirty Six Toyota
Haryana,Gurgaon,MGF Toyota
Haryana,Hissar,Malik Toyota
Haryana,Jhajjar,Satyam Toyota
Haryana,Kaithal,Globe Toyota
Haryana,Karnal,Globe Toyota
Haryana,Palwal,Thirty Six Toyota
Haryana,Panchkula,Pioneer Toyota
Haryana,Panipat,Globe Toyota
Haryana,Rohtak,Satyam Toyota
Haryana,Sirsa,Malik Toyota
Haryana,Yamunanagar,Globe Toyota
Himachal Pradesh,Hamirpur,Anand Toyota
Himachal Pradesh,Kangra,Sant Toyota
Himachal Pradesh,Mandi,Anand Toyota
Himachal Pradesh,Shimla,Anand Toyota
Himachal Pradesh,Solan,Anand Toyota
Jharkhand,Dhanbad,Dhanbad Toyota
Jharkhand,Jamshedpur,Bebbco Toyota
Jharkhand,Ranchi,Heritage Toyota
Karnataka,Bangalore,Viva Toyota
Karnataka,Bangalore,Ravindu Toyota
Karnataka,Bangalore,Nandi Toyota
Karnataka,Belgaum,Shodha Toyota
Karnataka,Gulbarga,Karuna Toyota
Karnataka,Hubli,Shodha Toyota
Karnataka,Mandya,Palace Toyota
Karnataka,Mangalore,United Toyota
Karnataka,Mysore,Palace Toyota
Karnataka,Shivamogga,Shakti Toyota
Karnataka,Tumkur,Ravindu Toyota
Karnataka,Udupi,United Toyota
Kerala,Calicut (Kozhikode),Amana Toyota
Kerala,Cochin,Nippon Toyota
Kerala,Irinjalkuda,Nippon Toyota
Kerala,Kannur,Amana Toyota
Kerala,Kasaragod,Amana Toyota
Kerala,Kayamkullam,Nippon Toyota
Kerala,Kollam,Nippon Toyota
Kerala,Kottayam,Nippon Toyota
Kerala,Malappuram,Amana Toyota
Kerala,Muvattupuzha,Nippon Toyota
Kerala,Palakkad (Palghat),Amana Toyota
Kerala,Pathanamthitta,Nippon Toyota
Kerala,Thiruvalla,Nippon Toyota
Kerala,Thrissur,Nippon Toyota
Kerala,Trivandrum,Nippon Toyota
Kerala,Wayanad,Amana Toyota
Madhya Pradesh,Bhopal,Rajpal Toyota
Madhya Pradesh,Chhindwara,Satkar Toyota
Madhya Pradesh,Gwalior,Anant Toyota
Madhya Pradesh,Indore,Sanghi Toyota
Madhya Pradesh,Indore,Anant Toyota
Madhya Pradesh,Jabalpur,Commercial Toyota
Madhya Pradesh,Satna,Automotive Toyota
Maharashtra,Ahmednagar,Wasan Toyota
Maharashtra,Aurangabad,Sharayu Toyota
Maharashtra,Baramati,Sharayu Toyota
Maharashtra,Dhule,Chaudhari Toyota
Maharashtra,Jalgaon,Chaudhari Toyota
Maharashtra,Kolhapur,Sonak Toyota
Maharashtra,Latur,Rajyog Toyota
Maharashtra,Mumbai,Wasan Toyota
Maharashtra,Mumbai,Madhuban Toyota
Maharashtra,Mumbai,Lakozy Toyota
Maharashtra,Nagpur,Patni Toyota
Maharashtra,Nanded,Rajyog Toyota
Maharashtra,Nandurbar,Chaudhari Toyota
Maharashtra,Nasik,Wasan Toyota
Maharashtra,Navi Mumbai,Wasan Toyota
Maharashtra,Panvel,Wasan Toyota
Maharashtra,Pune,Shaw Toyota
Maharashtra,Pune,Sharayu Toyota
Maharashtra,Solapur,Rajyog Toyota
Maharashtra,Thane,Millennium Toyota
Maharashtra,Thane,Lakozy Toyota
Maharashtra,Vasai,Lakozy Toyota
Orissa,Bhubaneshwar,Espirit Toyota
Orissa,Cuttack,Espirit Toyota
Orissa,Rourkela,Espirit Toyota
Orissa,Sambalpur,Espirit Toyota
Puducherry,Puducherry,Lanson Toyota
Punjab,Amritsar,Castle Toyota
Punjab,Bathinda,Pioneer Toyota
Punjab,Ferozpur,IJM Toyota
Punjab,Hoshiarpur,Castle Toyota
Punjab,Jalandhar,Castle Toyota
Punjab,Ludhiana,IJM Toyota
Punjab,Ludhiana,Globe Toyota
Punjab,Moga,IJM Toyota
Punjab,Mohali,Globe Toyota
Punjab,Nawanshahr,Castle Toyota
Punjab,Patiala,Pioneer Toyota
Punjab,Sangrur,Globe Toyota
Punjab,Tarn Taran,Castle Toyota
Rajasthan,Ajmer,Om Toyota
Rajasthan,Alwar,Aravali Toyota
Rajasthan,Bhilwara,Rajendra Toyota
Rajasthan,Jaipur,Rajesh Toyota
Rajasthan,Jaipur,Om Toyota
Rajasthan,Kota,Om Toyota
Rajasthan,Sikar,Om Toyota
Rajasthan,Sri Ganganagar,Sonak Toyota
Rajasthan,Udaipur,Rajendra Toyota
Sikkim,Gangtok,Topsel Toyota
Tamil Nadu,Chennai,Lanson Toyota
Tamil Nadu,Chennai,Harsha Toyota
Tamil Nadu,Coimbatore,Anaamalais Toyota
Tamil Nadu,Erode,Anaamalais Toyota
Tamil Nadu,Kanchipuram,Lanson Toyota
Tamil Nadu,Kumbakonam,Anaamalais Toyota
Tamil Nadu,Salem,Anaamalais Toyota
Tamil Nadu,Thiruvallur,Harsha Toyota
Tamil Nadu,Thiruvannamalai,Lanson Toyota
Tamil Nadu,Trichy,Anaamalais Toyota
Tamil Nadu,Vellore,Lanson Toyota
Telangana,Hyderabad,Yashoda Krishna Toyota
Telangana,Hyderabad,Radha Krishna Toyota
Telangana,Hyderabad,Harsha Toyota
Telangana,Khammam,Radha Madhav Toyota
Uttar Pradesh,Agra,Sunny Toyota
Uttar Pradesh,Aligarh,Mascot Toyota
Uttar Pradesh,Allahabad,Rajendra Toyota
Uttar Pradesh,Azamgargh,Rajendra Toyota
Uttar Pradesh,Bareilly,Commercial Toyota
Uttar Pradesh,Ghaziabad,Uttam Toyota
Uttar Pradesh,Gorakhpur,Rajendra Toyota
Uttar Pradesh,Jhansi,JMK Toyota
Uttar Pradesh,Kanpur,Sunny Toyota
Uttar Pradesh,Lucknow,Sunny Toyota
Uttar Pradesh,Meerut,Grand Toyota
Uttar Pradesh,Noida,Uttam Toyota
Uttar Pradesh,Noida,Espirit Toyota
Uttar Pradesh,Robertsganj,Rajendra Toyota
Uttar Pradesh,Varanasi,Rajendra Toyota
Uttarakhand,Dehradun,Trust Toyota
Uttarakhand,Haldwani,Commercial Toyota
West Bengal,Howrah,Saini Toyota
West Bengal,Kolkata,Topsel Toyota
West Bengal,Kolkata,Saini Toyota
West Bengal,Siliguri,Topsel Toyota
